<?xml version="1.0" encoding="UTF-8"?>
<beans xmlns="http://www.springframework.org/schema/beans"
	xmlns:xsi="http://www.w3.org/2001/XMLSchema-instance"
	xmlns:context="http://www.springframework.org/schema/context"
	xsi:schemaLocation="http://www.springframework.org/schema/beans http://www.springframework.org/schema/beans/spring-beans.xsd
		http://www.springframework.org/schema/context http://www.springframework.org/schema/context/spring-context-4.3.xsd">
	
	<!-- annotation사용 -->
	<context:annotation-config />
	
	<bean id="cat1" class="com.dto.Cat">
		<constructor-arg name="catName" value="냐옹이"/>
		<constructor-arg name="catAge" value="10"/>
	</bean>
	<bean id="stu" class="com.dto.Student">
		<property name="name" value="성원이"/>
		<property name="age" value="25"/>
	</bean>
</beans>
